epoch,steps,cosine_pearson,cosine_spearman
1.0,22742,0.7484497129799533,0.7271937796850784
2.0,45484,0.7629059223791574,0.7368675215359358
